{
  "properties": {
    "connectionReferences": {
      "shared_commondataserviceforapps": {
        "runtimeSource": "embedded",
        "connection": {
          "connectionReferenceLogicalName": "new_sharedcommondataserviceforapps_a8ea5"
        },
        "api": {
          "name": "shared_commondataserviceforapps"
        }
      },
      "shared_commondataserviceforapps_1": {
        "runtimeSource": "embedded",
        "connection": {
          "connectionReferenceLogicalName": "crc25_sharedcommondataserviceforapps_0ec1a"
        },
        "api": {
          "name": "shared_commondataserviceforapps"
        }
      }
    },
    "definition": {
      "$schema": "https://schema.management.azure.com/providers/Microsoft.Logic/schemas/2016-06-01/workflowdefinition.json#",
      "contentVersion": "1.0.0.0",
      "parameters": {
        "$connections": {
          "defaultValue": {},
          "type": "Object"
        },
        "$authentication": {
          "defaultValue": {},
          "type": "SecureObject"
        }
      },
      "triggers": {
        "When_a_contact_record_is_assigned": {
          "metadata": {
            "operationMetadataId": "d225f37e-57e9-4c8c-9c5b-0ddc765dc0ad"
          },
          "type": "OpenApiConnectionWebhook",
          "inputs": {
            "host": {
              "connectionName": "shared_commondataserviceforapps_1",
              "operationId": "SubscribeWebhookTrigger",
              "apiId": "/providers/Microsoft.PowerApps/apis/shared_commondataserviceforapps"
            },
            "parameters": {
              "subscriptionRequest/message": 3,
              "subscriptionRequest/entityname": "contact",
              "subscriptionRequest/scope": 4,
              "subscriptionRequest/filteringattributes": "ownerid"
            },
            "authentication": "@parameters('$authentication')"
          }
        }
      },
      "actions": {
        "List_related_notes_records_with_attachment": {
          "runAfter": {},
          "metadata": {
            "operationMetadataId": "7900dec0-196d-4582-b4ca-171dd914db0c"
          },
          "type": "OpenApiConnection",
          "inputs": {
            "host": {
              "connectionName": "shared_commondataserviceforapps",
              "operationId": "ListRecords",
              "apiId": "/providers/Microsoft.PowerApps/apis/shared_commondataserviceforapps"
            },
            "parameters": {
              "entityName": "annotations",
              "$select": "filename,mimetype,documentbody",
              "$filter": "_objectid_value eq @{triggerOutputs()?['body/contactid']} and isdocument eq true"
            },
            "authentication": "@parameters('$authentication')"
          }
        },
        "List_Mailbox_Queue": {
          "runAfter": {
            "List_related_notes_records_with_attachment": [
              "Succeeded"
            ]
          },
          "metadata": {
            "operationMetadataId": "71bbe45e-2d5e-45da-ba14-b4982f0e5de7"
          },
          "type": "OpenApiConnection",
          "inputs": {
            "host": {
              "connectionName": "shared_commondataserviceforapps",
              "operationId": "ListRecords",
              "apiId": "/providers/Microsoft.PowerApps/apis/shared_commondataserviceforapps"
            },
            "parameters": {
              "entityName": "queues",
              "$select": "queueid",
              "$filter": "name eq 'Mailbox Queue'"
            },
            "authentication": "@parameters('$authentication')"
          }
        },
        "Perform_a_bound_action": {
          "runAfter": {
            "Apply_to_each_2": [
              "Succeeded"
            ]
          },
          "metadata": {
            "operationMetadataId": "5d9d1b48-c8cc-4aa9-8be8-6944091fbed1"
          },
          "type": "OpenApiConnection",
          "inputs": {
            "host": {
              "connectionName": "shared_commondataserviceforapps",
              "operationId": "PerformBoundAction",
              "apiId": "/providers/Microsoft.PowerApps/apis/shared_commondataserviceforapps"
            },
            "parameters": {
              "entityName": "emails",
              "actionName": "Microsoft.Dynamics.CRM.SendEmail",
              "recordId": "@outputs('Create_new_email_record')?['body/activityid']",
              "item/IssueSend": true
            },
            "authentication": "@parameters('$authentication')"
          }
        },
        "Apply_to_each_2": {
          "foreach": "@outputs('List_related_notes_records_with_attachment')?['body/value']",
          "actions": {
            "Add_a_new_row": {
              "runAfter": {},
              "metadata": {
                "operationMetadataId": "f24255cf-649b-429e-9f65-661580a32623"
              },
              "type": "OpenApiConnection",
              "inputs": {
                "host": {
                  "connectionName": "shared_commondataserviceforapps",
                  "operationId": "CreateRecord",
                  "apiId": "/providers/Microsoft.PowerApps/apis/shared_commondataserviceforapps"
                },
                "parameters": {
                  "entityName": "activitymimeattachments",
                  "item/attachmentid@odata.bind": "@null",
                  "item/objecttypecode": "email",
                  "item/objectid_email@odata.bind": "/emails/@{outputs('Create_new_email_record')?['body/activityid']}",
                  "item/body": "@items('Apply_to_each_2')?['documentbody']",
                  "item/filename": "@items('Apply_to_each_2')?['filename']",
                  "item/mimetype": "@items('Apply_to_each_2')?['mimetype']"
                },
                "authentication": "@parameters('$authentication')"
              }
            }
          },
          "runAfter": {
            "Create_new_email_record": [
              "Succeeded"
            ]
          },
          "metadata": {
            "operationMetadataId": "8e2fce68-9ef9-4d4e-81f0-80747ddb7f99"
          },
          "type": "Foreach"
        },
        "Perform_an_unbound_action_get_contact_template": {
          "runAfter": {
            "List_Mailbox_Queue": [
              "Succeeded"
            ]
          },
          "metadata": {
            "operationMetadataId": "1cd94984-5b00-41a0-adaa-7a096e258975"
          },
          "type": "OpenApiConnection",
          "inputs": {
            "host": {
              "connectionName": "shared_commondataserviceforapps",
              "operationId": "PerformUnboundAction",
              "apiId": "/providers/Microsoft.PowerApps/apis/shared_commondataserviceforapps"
            },
            "parameters": {
              "actionName": "InstantiateTemplate",
              "item/TemplateId": "7816b01c-efa8-4396-8ba5-0b6b72da5c08",
              "item/ObjectType": "contact",
              "item/ObjectId": "@triggerOutputs()?['body/contactid']"
            },
            "authentication": "@parameters('$authentication')"
          }
        },
        "ParseTemplateJSON": {
          "runAfter": {
            "Perform_an_unbound_action_get_contact_template": [
              "Succeeded"
            ]
          },
          "metadata": {
            "operationMetadataId": "7f32d003-47f3-40b1-85ce-d6da0060da6c"
          },
          "type": "ParseJson",
          "inputs": {
            "content": "@body('Perform_an_unbound_action_get_contact_template')",
            "schema": {
              "type": "object",
              "properties": {
                "value": {
                  "type": "array",
                  "items": {
                    "type": "object",
                    "properties": {
                      "@@odata.type": {
                        "type": "string"
                      },
                      "subject": {
                        "type": "string"
                      },
                      "description": {
                        "type": "string"
                      }
                    },
                    "required": [
                      "@@odata.type",
                      "subject",
                      "description"
                    ]
                  }
                }
              }
            }
          }
        },
        "Create_new_email_record": {
          "runAfter": {
            "Compose": [
              "Succeeded"
            ]
          },
          "metadata": {
            "operationMetadataId": "eb8f63ab-21e4-44a2-b627-87ff4935a7c0"
          },
          "type": "OpenApiConnection",
          "inputs": {
            "host": {
              "connectionName": "shared_commondataserviceforapps",
              "operationId": "CreateRecord",
              "apiId": "/providers/Microsoft.PowerApps/apis/shared_commondataserviceforapps"
            },
            "parameters": {
              "entityName": "emails",
              "item/activitypointer_activity_parties": [
                {
                  "participationtypemask": 1,
                  "partyid@odata.bind": "queues(@{first(outputs('List_Mailbox_Queue')?['body/value'])?['queueid']})"
                },
                {
                  "participationtypemask": 2,
                  "partyid@odata.bind": "systemusers(@{triggerOutputs()?['body/_ownerid_value']})"
                },
                {
                  "participationtypemask": 3,
                  "partyid@odata.bind": "contacts(@{triggerOutputs()?['body/contactid']})"
                }
              ],
              "item/description": "@first(outputs('ParseTemplateJSON')?['body/value'])?['description']",
              "item/regardingobjectid_contact_email@odata.bind": "/contacts/@{triggerOutputs()?['body/contactid']}",
              "item/subject": "@first(outputs('ParseTemplateJSON')?['body/value'])?['subject']"
            },
            "authentication": "@parameters('$authentication')"
          }
        },
        "Compose": {
          "runAfter": {
            "ParseTemplateJSON": [
              "Succeeded"
            ]
          },
          "metadata": {
            "operationMetadataId": "55680836-6560-4943-9b69-7fd8640f595b"
          },
          "type": "Compose",
          "inputs": "@first(outputs('ParseTemplateJSON')?['body/value'])?['description']"
        }
      },
      "outputs": {}
    },
    "templateName": ""
  },
  "schemaVersion": "1.0.0.0"
}